DELETE FROM PROJECT_WORKER;
DELETE FROM PROJECT;
DELETE FROM WORKER;
DELETE FROM CLIENT;

INSERT INTO CLIENT (ID, NAME) VALUES (1, 'Acme Corp');
INSERT INTO CLIENT (ID, NAME) VALUES (2, 'Globex Inc.');
INSERT INTO CLIENT (ID, NAME) VALUES (3, 'Initech');
INSERT INTO CLIENT (ID, NAME) VALUES (4, 'Umbrella Co.');
INSERT INTO CLIENT (ID, NAME) VALUES (5, 'Soylent Systems');

INSERT INTO WORKER (ID, NAME, BIRTHDAY, LEVEL, SALARY) VALUES (1, 'Alice Johnson', '1995-06-15', 'Junior', 950);
INSERT INTO WORKER (ID, NAME, BIRTHDAY, LEVEL, SALARY) VALUES (2, 'Bob Smith', '1988-02-10', 'Middle', 3500);
INSERT INTO WORKER (ID, NAME, BIRTHDAY, LEVEL, SALARY) VALUES (3, 'Carol Davis', '1990-11-30', 'Senior', 7200);
INSERT INTO WORKER (ID, NAME, BIRTHDAY, LEVEL, SALARY) VALUES (4, 'David Lee', '1998-04-25', 'Trainee', 500);
INSERT INTO WORKER (ID, NAME, BIRTHDAY, LEVEL, SALARY) VALUES (5, 'Eva Green', '1992-07-20', 'Junior', 1100);
INSERT INTO WORKER (ID, NAME, BIRTHDAY, LEVEL, SALARY) VALUES (6, 'Frank Moore', '1985-03-08', 'Senior', 8000);
INSERT INTO WORKER (ID, NAME, BIRTHDAY, LEVEL, SALARY) VALUES (7, 'Grace Hall', '1993-01-12', 'Middle', 4200);
INSERT INTO WORKER (ID, NAME, BIRTHDAY, LEVEL, SALARY) VALUES (8, 'Henry Clark', '2000-09-19', 'Trainee', 700);
INSERT INTO WORKER (ID, NAME, BIRTHDAY, LEVEL, SALARY) VALUES (9, 'Ivy Scott', '1991-05-04', 'Middle', 4800);
INSERT INTO WORKER (ID, NAME, BIRTHDAY, LEVEL, SALARY) VALUES (10, 'Jack Turner', '1987-12-01', 'Senior', 10500);

INSERT INTO PROJECT (ID, CLIENT_ID, START_DATE, FINISH_DATE) VALUES (1, 1, '2020-01-01', '2028-01-01');
INSERT INTO PROJECT (ID, CLIENT_ID, START_DATE, FINISH_DATE) VALUES (2, 2, '2022-03-15', '2022-10-15');
INSERT INTO PROJECT (ID, CLIENT_ID, START_DATE, FINISH_DATE) VALUES (3, 3, '2021-06-01', '2024-06-01');
INSERT INTO PROJECT (ID, CLIENT_ID, START_DATE, FINISH_DATE) VALUES (4, 4, '2019-09-01', '2027-09-01');
INSERT INTO PROJECT (ID, CLIENT_ID, START_DATE, FINISH_DATE) VALUES (5, 5, '2023-01-01', '2023-12-01');
INSERT INTO PROJECT (ID, CLIENT_ID, START_DATE, FINISH_DATE) VALUES (6, 1, '2020-05-01', '2028-04-01');
INSERT INTO PROJECT (ID, CLIENT_ID, START_DATE, FINISH_DATE) VALUES (7, 2, '2024-01-01', '2024-02-01');
INSERT INTO PROJECT (ID, CLIENT_ID, START_DATE, FINISH_DATE) VALUES (8, 3, '2018-07-01', '2024-07-01');
INSERT INTO PROJECT (ID, CLIENT_ID, START_DATE, FINISH_DATE) VALUES (9, 4, '2021-02-01', '2029-06-01');
INSERT INTO PROJECT (ID, CLIENT_ID, START_DATE, FINISH_DATE) VALUES (10, 5, '2020-08-01', '2023-08-01');

INSERT INTO PROJECT_WORKER (PROJECT_ID, WORKER_ID) VALUES (1, 1);
INSERT INTO PROJECT_WORKER (PROJECT_ID, WORKER_ID) VALUES (1, 3);
INSERT INTO PROJECT_WORKER (PROJECT_ID, WORKER_ID) VALUES (1, 5);
INSERT INTO PROJECT_WORKER (PROJECT_ID, WORKER_ID) VALUES (2, 2);
INSERT INTO PROJECT_WORKER (PROJECT_ID, WORKER_ID) VALUES (2, 6);
INSERT INTO PROJECT_WORKER (PROJECT_ID, WORKER_ID) VALUES (3, 4);
INSERT INTO PROJECT_WORKER (PROJECT_ID, WORKER_ID) VALUES (3, 7);
INSERT INTO PROJECT_WORKER (PROJECT_ID, WORKER_ID) VALUES (3, 8);
INSERT INTO PROJECT_WORKER (PROJECT_ID, WORKER_ID) VALUES (4, 3);
INSERT INTO PROJECT_WORKER (PROJECT_ID, WORKER_ID) VALUES (4, 9);
INSERT INTO PROJECT_WORKER (PROJECT_ID, WORKER_ID) VALUES (4, 10);
INSERT INTO PROJECT_WORKER (PROJECT_ID, WORKER_ID) VALUES (4, 1);
INSERT INTO PROJECT_WORKER (PROJECT_ID, WORKER_ID) VALUES (5, 5);
INSERT INTO PROJECT_WORKER (PROJECT_ID, WORKER_ID) VALUES (6, 6);
INSERT INTO PROJECT_WORKER (PROJECT_ID, WORKER_ID) VALUES (6, 7);
INSERT INTO PROJECT_WORKER (PROJECT_ID, WORKER_ID) VALUES (6, 2);
INSERT INTO PROJECT_WORKER (PROJECT_ID, WORKER_ID) VALUES (6, 4);
INSERT INTO PROJECT_WORKER (PROJECT_ID, WORKER_ID) VALUES (7, 8);
INSERT INTO PROJECT_WORKER (PROJECT_ID, WORKER_ID) VALUES (8, 2);
INSERT INTO PROJECT_WORKER (PROJECT_ID, WORKER_ID) VALUES (8, 3);
INSERT INTO PROJECT_WORKER (PROJECT_ID, WORKER_ID) VALUES (8, 4);
INSERT INTO PROJECT_WORKER (PROJECT_ID, WORKER_ID) VALUES (8, 5);
INSERT INTO PROJECT_WORKER (PROJECT_ID, WORKER_ID) VALUES (9, 6);
INSERT INTO PROJECT_WORKER (PROJECT_ID, WORKER_ID) VALUES (9, 7);
INSERT INTO PROJECT_WORKER (PROJECT_ID, WORKER_ID) VALUES (9, 8);
INSERT INTO PROJECT_WORKER (PROJECT_ID, WORKER_ID) VALUES (9, 9);
INSERT INTO PROJECT_WORKER (PROJECT_ID, WORKER_ID) VALUES (9, 10);
INSERT INTO PROJECT_WORKER (PROJECT_ID, WORKER_ID) VALUES (10, 1);
INSERT INTO PROJECT_WORKER (PROJECT_ID, WORKER_ID) VALUES (10, 2);
